"Rank","Symbol","Hidden Gems Superscore","Rulebreakers Superscore","Price","Change %","Fool 5Y","Market Cap","cmaTagLabel","1Y Rev. Growth","Times Rec'd","comments"
"14","NVDA","99","90.32","237.47","-0.74","95.53","5765684000000","Moderate","83.375298091007","12",""
"51","TSM","96.26","97.01","472.2","-2.09","97.11","2501439304000","Cautious","34.5993551404132","9",""
"9","FIX","95.1","80.26","1741.36","-4.21","83.64","63981829600","Moderate","46.1073876593655","9",""
"19","ASML","94.49","99","1804.96","-1.59","97.2","706895153800","Moderate","17.8706564231167","8",""
"23","AVGO","94.29","88.06","376.51","0.19","91.69","1793977890300","Moderate","48.6900510629777","6",""
"26","MSFT","94.05","92.13","529.76","0.09","90.84","3930343615000","Cautious","17.7886867998467","12",""
"41","PGR","93.54","78.66","214.12","0.98","85.71","123222255000","Cautious","10.4918653688808","10",""
"257","FICO","92.11","71.51","681.77","-1.97","83.1","15020266900","Moderate","24.0884180686983","2",""
"15","ANET","91.9","93.98","215.83","0.22","89.11","271616339200","Moderate","32.572470384753","23",""
"31","KNSL","91.9","66.74","330.7","-1.71","68.01","7663792700","Moderate","15.8208321268772","19",""
"17","VEEV","91.38","76.16","282.5","-0.35","83.9","45901201500","Moderate","16.5042178519967","8",""
"317","FSLR","91.19","72.8","180.13","0.18","80.04","19323106000","Moderate","23.8206286864527","4",""
"59","ARGX","91.14","83.03","928.44","-0.22","73.36","58214261700","Moderate","70.5685501899503","7",""
"104","ALNY","91.11","71.29","224.41","0.21","67.82","29965187500","Moderate","95.1362388468064","3",""
"89","APH","91.07","90.67","87.55","-1.21","87.84","218534261400","Cautious","54.1694122648528","1",""
"2","EME","90.76","86.18","784.66","-4.83","83.3","36369494700","Cautious","18.9213755733767","10",""
"116","RACE","90.68","73.84","386.39","-0.03","67.64","61558628000","Cautious","13.3105475926118","1",""
"85","IBKR","90.51","88.27","87.74","-3.13","75.16","156525178053","Cautious","15.7716745234679","3",""
"58","AMD","90.49","98.31","645.86","-0.55","91.46","1060165161600","Moderate","39.5439189189189","9",""
"22","MA","90.46","87.55","570.06","0.61","89.07","496329745800","Cautious","16.1531340915102","15",""
"178","DUOL","90.33","79.38","151.72","2.42","84.47","6930410200","Aggressive","29.3565398937132","3",""
"376","ALAB","90.26","89.6","382.25","-1.94","86.98","67624453000","Aggressive","98.4841854251267","1",""
"38","ISRG","90.02","82.71","414.52","2.41","73.87","142992803300","Cautious","20.6604702022963","8",""
"10","UTHR","89.8","82.71","545","0.62","72.85","23230460900","Cautious","2.49203976866592","5",""
"43","VRTX","89.74","89.24","505.64","0.66","74.57","127315994900","Cautious","11.4475277763151","8",""
"71","ADBE","89.44","71.57","232.77","-2.25","80.54","92676304000","Moderate","12.0314050299814","4",""
"196","KRYS","89.4","78.27","324.57","-0.68","69.94","9673183800","Moderate","22.6274689940285","10",""
"34","NOW","89.32","82.31","137.87","-0.07","82.02","142660980000","Moderate","22.1862818279837","17",""
"163","SHOP","89.2","86.94","166.03","0.97","87.01","211575081600","Aggressive","32.5044937091321","43",""
"77","MSCI","89.1","81.3","555.38","0.08","87.86","40342684000","Cautious","11.6192718498124","10",""
"25","CME","89.03","80.53","270.27","0.03","79.71","97151054200","Cautious","5.09931719428927","3",""
"3","TOST","88.99","73.94","30.55","0.99","67.85","17575250000","Moderate","23.0379746835443","6",""
"212","PTC","88.87","65.21","193.6","0.31","68.15","20941658000","Cautious","19.4983126872488","2",""
"64","GRMN","88.83","81.81","276.16","-1.09","72.06","53846486100","Cautious","13.5122485923123","4",""
"1","MELI","88.71","79.45","1872.78","0.8","86.41","94194147400","Moderate","46.007636122177","25",""
"44","BKNG","88.7","68.84","155.87","-1.12","66.31","118440187000","Cautious","12.8511488511489","9",""
"129","HEI","88.5","84.7","295.78","-2.47","78.45","42382707800","Cautious","20.6900523115904","1",""
"159","SCHW","88.5","74.01","95.58","-1.26","68.7","167400112000","Cautious","10.13199340033","7",""
"152","NBIX","88.46","75.25","143.47","-1.4","69.37","14790946000","Cautious","34.4236822184151","2",""
"48","EXEL","88.43","79.42","58.44","0.19","70.06","14453124100","Cautious","9.23383579857444","2",""
"39","HWM","88.4","86.69","222.75","-3.82","86.51","92362311600","Cautious","18.0805595130165","3",""
"215","MNDY","88.31","60.04","83.51","-0.93","66.61","3563283900","Aggressive","24.210990329362","4",""
"68","LRCX","87.86","90.79","329.51","-1.31","87.46","417836623800","Moderate","26.020858240997","1",""
"32","MCO","87.83","87.64","449.63","-0.59","89.25","78341824000","Cautious","11.6737375119748","6",""
"416","GLBE","87.73","81.53","38.96","0.67","72.93","6500322900","Aggressive","31.3972040272903","1",""
"168","COST","87.6","74.77","942.25","0.7","68.75","414755130900","Cautious","10.1436953875779","2",""
"109","IDXX","87.49","78.71","506.67","-1.7","83.66","40604566800","Cautious","12.7673201303212","2",""
"144","PWR","87.47","87.22","701.07","-2.57","86.5","108180809100","Cautious","26.3011108539423","1",""
"5","GOOGL","87.39","99","350.5","0.81","94.23","4252126400000","Cautious","20.2311874013372","22",""
"130","NDAQ","87.34","91.3","91.93","-0.37","89.34","51576807800","Cautious","7.34804586364197","1",""
"40","NFLX","87.31","74.08","69.7","1.47","75.52","286021038600","Moderate","17.619318836551","14",""
"27","FTNT","87.29","92.5","189.28","-1.04","86.11","140337476800","Moderate","18.7680461982676","4",""
"100","CBOE","87.29","76.65","281.57","1.21","81.58","29052704200","Cautious","11.6840990334966","1",""
"243","DECK","87.16","70.4","80.38","-1.57","66.85","11120622100","Moderate","7.48436182107443","7",""
"55","STRL","87.12","78.5","534.13","-5.24","80.2","17242431600","Moderate","60.8278987142603","7",""
"117","STN","86.99","68.86","66.67","-1.29","68.14","7591496000","Cautious","11.0062683064794","1",""
"309","RDDT","86.97","75.44","152.71","2.52","77.96","28657533200","Aggressive","66.5921683214971","2",""
"79","NICE","86.92","74.4","116.42","0.95","80.02","6740231200","Moderate","8.07744961084314","2",""
"53","CRM","86.91","79.77","224.56","-0.19","74.04","185166770000","Moderate","11.2298111488026","11",""
"225","TTD","86.67","64.65","12.09","1.43","78.03","5635716400","Aggressive","11.6102942493863","43",""
"192","TYL","86.66","75.21","332.34","0.43","75.33","13551525600","Cautious","8.18911276856285","1",""
"11","AMZN","86.65","93.56","259.92","1.42","90.55","2764420827000","Cautious","15.7665684632812","19",""
"121","NTNX","86.62","80.35","73.42","0.01","75.48","19862543700","Moderate","12.4360550953593","1",""
"140","RMD","86.61","75.51","225.98","2.4","69.62","31037620900","Cautious","9.85394048998441","4",""
"24","AAPL","86.36","90.33","336.67","0.91","76.07","4869056240401","Cautious","14.2423982869379","13",""
"20","V","86.35","87.32","372.1","0.39","74.36","691999705600","Cautious","14.3856220913789","5",""
"86","NVO","86.31","73.15","38.26","1.95","66.64","125570876400","Moderate","13.2075191412095","2",""
"60","ICE","86.23","83.05","152.59","-0.59","86.48","86168518600","Cautious","12.5985601645526","6",""
"343","FRPT","86.17","68.57","63.25","0.77","65.72","3016606900","Moderate","12.7675613234701","1",""
"28","DDOG","86.07","93.03","271.34","-2.48","79.1","99909028000","Moderate","31.5202701806598","11",""
"307","CTAS","86.03","69.15","197.19","0.63","64.42","78521368000","Cautious","9.50962401565034","1",""
"263","KNSA","85.82","81.74","77.96","1.13","70.89","6014870200","Moderate","58.8507779616573","12",""
"199","PEN","85.8","76.64","316.35","-0.22","68.82","12488409300","Moderate","17.5543216743012","1",""
"131","INTU","85.72","69.93","297.24","2.56","70.4","77447665200","Moderate","13.8972970102491","2",""
"70","CEG","85.71","75.49","299.59","-0.27","82.2","106433822800","Moderate","20.743992787425","4",""
"98","CDNS","85.66","90.93","356.12","-0.95","86.13","99017553200","Moderate","14.7041422501816","6",""
"114","CASY","85.65","79.65","633.25","2.01","68.82","22944892200","Cautious","13.7844366709916","2",""
"300","LNG","85.45","79.98","272.2","-1.11","75.42","56850548800","Cautious","21.647499037033","1",""
"161","MAR","85.31","91.94","356.5","-1.32","79.05","94209540500","Cautious","4.72149780078627","2",""
"297","IOT","85.23","83.45","40.51","-2.95","86.22","24443152700","Aggressive","29.504182919948","3",""
"54","UBER","85.18","76.88","68.45","-0.91","81.43","141100044800","Moderate","16.6825125182227","3",""
"151","VICI","85.18","61.02","22.64","-0.4","63.74","25027548400","Cautious","4.36407786648818","3",""
"387","LMB","85.01","59.49","50.97","-0.74","67.61","612348800","Moderate","23.665672548782","4",""
"223","PODD","84.99","65.25","134.36","-0.28","63.94","9344091400","Moderate","29.413011231193","3",""
"213","BLK","84.86","89.52","1069.63","-0.91","86.76","175379843900","Cautious","23.0656153948951","1",""
"214","MCK","84.84","83.87","910.33","-1.23","72.32","107457505300","Cautious","8.84227810219945","2",""
"57","FNV","84.82","72.02","237.9","-2.49","67.3","47057398500","Cautious","73.4932533737504","1",""
"49","PLD","84.81","86.16","127.3","-1.07","71.39","122288593100","Cautious","7.34996704074228","5",""
"128","DPZ","84.78","65","303.1","0.08","64.6","10020423700","Cautious","5.15728892526259","3",""
"143","NYT","84.76","80.92","64.9","1.66","73.55","10333465900","Cautious","10.757906560688","5",""
"33","TDG","84.67","67.64","1096.21","-0.64","65.39","60988220700","Cautious","16.6394779771615","1",""
"107","MNST","84.58","77.5","42.88","-0.85","68.64","84728912500","Cautious","20.3650267359432","2",""
"16","NU","84.38","88.42","15.58","-0.51","71.67","75645316800","Moderate","53.4980866936758","3",""
"279","CAVA","84.38","74.03","52.07","-1.08","67.04","6148667800","Moderate","26.7868035247445","2",""
"182","ECL","84.17","82.83","278.1","-0.97","77.48","78721989800","Cautious","7.11401115499336","1",""
"139","EGP","84.13","72.08","190.55","-1.2","65.34","10370718600","Cautious","10.8007437831731","2",""
"200","ROAD","84.11","63.33","88.71","-5.52","64.17","5328773900","Moderate","41.9175980446164","3",""
"194","NET","84.01","90.32","342.97","-3.39","89.3","126411960800","Aggressive","33.5339961975751","14",""
"81","O","83.83","83.63","53.35","-1.66","72.34","51332326500","Cautious","10.7571150603807","2",""
"73","ULS","83.76","73.49","67.13","-1.81","76.3","13803766300","Moderate","6.6079295154185","2",""
"382","BROS","83.76","72.85","38.18","-2.25","66.23","6824008628","Aggressive","29.6491026286483","2",""
"69","HUBS","83.54","67.48","220.27","1.47","63.38","10825453400","Moderate","21.0799795371707","16",""
"141","AMAT","83.5","92.24","520.65","-1.81","86.5","420820681200","Moderate","7.7726907349806","4",""
"156","WING","83.44","55.81","116.68","3.99","58.45","3056608500","Moderate","7.61143843450164","2",""
"137","ROP","83.38","69.42","358.57","-1.02","69.51","35829818100","Cautious","10.8755908464","3",""
"241","ONON","83.35","65.92","33.22","0.27","62.53","10912127500","Moderate","29.3441611660732","6",""
"95","APPF","83.28","66.8","196.97","-3.12","68.09","7200711600","Moderate","20.6577455678507","1",""
"255","BSY","83.25","66.85","35.15","-2.28","72.77","10866285200","Cautious","12.8480188329038","1",""
"29","SPOT","83.24","78.2","512.92","5.08","81.13","100497180700","Moderate","16.9102946661922","7",""
"52","META","83.23","72.92","721.31","-2.38","80.48","1882304188800","Moderate","27.6520659493076","14",""
"21","P","83.1","83.24","152.66","3.71","79.78","49051014400","Moderate","27.2131306073512","2",""
"125","BR","82.98","71.73","160.13","0.93","75.28","17912714000","Cautious","8.52929222551237","3",""
"186","COP","82.97","73.2","129.84","0.38","70.58","155393329000","Cautious","9.46988745729794","2",""
"66","WMT","82.93","87.94","108.16","0.9","86.12","850498000000","Cautious","6.15838061726632","3",""
"7","TMDX","82.78","66.85","81.07","0.98","62.8","2783717000","Aggressive","25.8193234605452","10",""
"112","BAM","82.78","83.1","44.5","-1.57","69.13","74064378300","Cautious","133.116619261469","8",""
"155","PJT","82.63","65.79","137.61","-1.46","62.96","3570124300","Cautious","22.9138681109928","6",""
"97","HCA","82.62","67.89","439.17","1.61","64.25","93571732200","Cautious","7.31106770475116","1",""
"119","MPWR","82.54","81.65","1425.98","-3.24","79.82","72421547700","Moderate","28.6663217910054","1",""
"36","CSCO","82.52","93.49","117.39","-0.47","81.16","464989064600","Cautious","11.7749849966463","6",""